route,c1,c1lat,c1long,c2,c2lat,c2long,sum,,Unique,lat,long,city1 sum,city2 sum,total sum
Nairobi to Bangkok,Nairobi,-1.283346742,36.81665686,Bangkok,13.74999921,100.5166447,18,,Bangkok,13.74999921,100.5166447,33,81,114
Lilongwe to Beijing,Lilongwe,-13.98329507,33.78330196,Beijing,39.92889223,116.3882857,14,,Nairobi,-1.283346742,36.81665686,66,42,108
Maputo to Nairobi,Maputo,-25.95527749,32.58916296,Nairobi,-1.283346742,36.81665686,12,,Dubai,25.22999615,55.27997432,25,56,81
Dubai to Hong Kong,Dubai,25.22999615,55.27997432,Hong Kong,22.3049809,114.1850093,10,,Beijing,39.92889223,116.3882857,5,57,62
Khartoum to Dubai,Khartoum,15.58807823,32.53417924,Dubai,25.22999615,55.27997432,8,,Hong Kong,22.3049809,114.1850093,9,49,58
Addis Ababa to Beijing,Addis Ababa,9.033310363,38.70000443,Beijing,39.92889223,116.3882857,8,,Kuala Lumpur,3.166665872,101.6999833,12,45,57
Kinshasa to Nairobi,Kinshasa,-4.329724102,15.31497188,Nairobi,-1.283346742,36.81665686,8,,Doha,25.28655601,51.53296789,24,19,43
Antananarivo to Nairobi,Antananarivo,-18.91663735,47.5166239,Nairobi,-1.283346742,36.81665686,7,,Addis Ababa,9.033310363,38.70000443,26,15,41
Chennai to Kuala Lumpur,Chennai,13.08998781,80.27999874,Kuala Lumpur,3.166665872,101.6999833,7,,Hanoi,21.03332725,105.8500142,4,33,37
Paris to Hanoi,Paris,48.86669293,2.333335326,Hanoi,21.03332725,105.8500142,7,,Paris,48.86669293,2.333335326,18,14,32
Georgetown to New York,Georgetown,6.801973693,-58.16702865,New York,40.74997906,-73.98001693,6,,Jakarta,-6.174417705,106.8294376,22,9,31
Dhaka to Bangkok,Dhaka,23.72305971,90.40857947,Bangkok,13.74999921,100.5166447,6,,Antananarivo,-18.91663735,47.5166239,26,0,26
Antananarivo to Bangkok,Antananarivo,-18.91663735,47.5166239,Bangkok,13.74999921,100.5166447,6,,Maputo,-25.95527749,32.58916296,24,2,26
Chennai to Bangkok,Chennai,13.08998781,80.27999874,Bangkok,13.74999921,100.5166447,6,,Singapore,1.293033466,103.8558207,8,17,25
Nairobi to Hong Kong,Nairobi,-1.283346742,36.81665686,Hong Kong,22.3049809,114.1850093,6,,Lilongwe,-13.98329507,33.78330196,24,0,24
Bangkok to Hanoi,Bangkok,13.74999921,100.5166447,Hanoi,21.03332725,105.8500142,6,,Chennai,13.08998781,80.27999874,16,6,22
Addis Ababa to Bangkok,Addis Ababa,9.033310363,38.70000443,Bangkok,13.74999921,100.5166447,6,,Guangzhou,23.1449813,113.3250101,4,17,21
Nairobi to Guangzhou,Nairobi,-1.283346742,36.81665686,Guangzhou,23.1449813,113.3250101,6,,Amsterdam,52.34996869,4.916640176,7,14,21
Jakarta to Hong Kong,Jakarta,-6.174417705,106.8294376,Hong Kong,22.3049809,114.1850093,5,,Johannesburg,-26.17004474,28.03000972,13,8,21
Bangkok to Hong Kong,Bangkok,13.74999921,100.5166447,Hong Kong,22.3049809,114.1850093,5,,Dhaka,23.72305971,90.40857947,14,6,20
Lilongwe to Addis Ababa,Lilongwe,-13.98329507,33.78330196,Addis Ababa,9.033310363,38.70000443,5,,Brussels,50.83331708,4.333316608,11,6,17
Harare to Dubai,Harare,-17.81778969,31.04470943,Dubai,25.22999615,55.27997432,5,,London,51.49999473,-0.116721844,6,11,17
Doha to Abu Dhabi,Doha,25.28655601,51.53296789,Abu Dhabi,24.46668357,54.36659338,4,,Kinshasa,-4.329724102,15.31497188,16,1,17
Havana to Miami,Havana,23.13195884,-82.36418217,Miami,25.7876107,-80.22410608,4,,Luanda,-8.838286114,13.23442704,16,1,17
New Delhi to Dhaka,New Delhi,28.60002301,77.19998002,Dhaka,23.72305971,90.40857947,4,,Entebbe,0.060395527,32.46002356,15,1,16
Yamoussoukro to Dubai,Yamoussoukro,6.81838096,-5.275502565,Dubai,25.22999615,55.27997432,4,,Abu Dhabi,24.46668357,54.36659338,4,12,16
Doha to Ho Chi Minh City,Doha,25.28655601,51.53296789,Ho Chi Minh City,10.78002545,106.6950272,4,,Ho Chi Minh City,10.78002545,106.6950272,5,10,15
Lagos to Doha,Lagos,6.443261653,3.391531071,Doha,25.28655601,51.53296789,4,,Khartoum,15.58807823,32.53417924,11,2,13
Nairobi to Dubai,Nairobi,-1.283346742,36.81665686,Dubai,25.22999615,55.27997432,4,,Moscow,55.75216412,37.61552283,6,6,12
Nairobi to Doha,Nairobi,-1.283346742,36.81665686,Doha,25.28655601,51.53296789,4,,New Delhi,28.60002301,77.19998002,9,2,11
Nairobi to Beijing,Nairobi,-1.283346742,36.81665686,Beijing,39.92889223,116.3882857,4,,Pretoria,-25.70692055,28.22942908,9,2,11
Luanda to Bangkok,Luanda,-8.838286114,13.23442704,Bangkok,13.74999921,100.5166447,4,,Lagos,6.443261653,3.391531071,8,3,11
Manama to Dubai,Manama,26.23613629,50.58305172,Dubai,25.22999615,55.27997432,3,,Abuja,9.083333149,7.533328002,10,1,11
Moscow to Dubai,Moscow,55.75216412,37.61552283,Dubai,25.22999615,55.27997432,3,,Harare,-17.81778969,31.04470943,11,0,11
Jakarta to Amsterdam,Jakarta,-6.174417705,106.8294376,Amsterdam,52.34996869,4.916640176,3,,Shanghai,31.21645245,121.4365047,0,11,11
Buenos Aires to Madrid,Buenos Aires,-34.60250161,-58.39753137,Madrid,40.40002626,-3.683351686,3,,Georgetown,6.801973693,-58.16702865,10,0,10
Mumbai to Bangkok,Mumbai,19.01699038,72.8569893,Bangkok,13.74999921,100.5166447,3,,Mumbai,19.01699038,72.8569893,7,3,10
Dhaka to Kuala Lumpur,Dhaka,23.72305971,90.40857947,Kuala Lumpur,3.166665872,101.6999833,3,,Madrid,40.40002626,-3.683351686,2,7,9
Lahore to Bangkok,Lahore,31.55997154,74.35002478,Bangkok,13.74999921,100.5166447,3,,Tokyo,35.68501691,139.7514074,3,6,9
Kuala Lumpur to Jakarta,Kuala Lumpur,3.166665872,101.6999833,Jakarta,-6.174417705,106.8294376,3,,Vientiane,17.96669273,102.59998,1,8,9
Kuala Lumpur to Chennai,Kuala Lumpur,3.166665872,101.6999833,Chennai,13.08998781,80.27999874,3,,Sao Paulo,-23.55867959,-46.62501998,3,5,8
Colombo to Bangkok,Colombo,6.931965758,79.85775061,Bangkok,13.74999921,100.5166447,3,,Colombo,6.931965758,79.85775061,5,3,8
Dubai to Kuala Lumpur,Dubai,25.22999615,55.27997432,Kuala Lumpur,3.166665872,101.6999833,3,,Miami,25.7876107,-80.22410608,2,6,8
Johannesburg to Hanoi,Johannesburg,-26.17004474,28.03000972,Hanoi,21.03332725,105.8500142,3,,Seoul,37.5663491,126.999731,5,3,8
Doha to Kuala Lumpur,Doha,25.28655601,51.53296789,Kuala Lumpur,3.166665872,101.6999833,3,,Islamabad,33.69999595,73.16663448,5,2,7
Maputo to Doha,Maputo,-25.95527749,32.58916296,Doha,25.28655601,51.53296789,3,,Mexico City,19.44244244,-99.1309882,6,1,7
Johannesburg to Hong Kong,Johannesburg,-26.17004474,28.03000972,Hong Kong,22.3049809,114.1850093,3,,Karachi,24.86999229,66.99000891,5,2,7
Paris to Shanghai,Paris,48.86669293,2.333335326,Shanghai,31.21645245,121.4365047,3,,Taipei,25.03583333,121.5683333,1,6,7
Doha to Bangkok,Doha,25.28655601,51.53296789,Bangkok,13.74999921,100.5166447,3,,Cairo,30.04996035,31.24996822,3,4,7
Kinshasa to Paris,Kinshasa,-4.329724102,15.31497188,Paris,48.86669293,2.333335326,3,,New York,40.74997906,-73.98001693,1,6,7
Pretoria to Hong Kong,Pretoria,-25.70692055,28.22942908,Hong Kong,22.3049809,114.1850093,3,,Manama,26.23613629,50.58305172,3,3,6
Entebbe to Kuala Lumpur,Entebbe,0.060395527,32.46002356,Kuala Lumpur,3.166665872,101.6999833,3,,Brasilia,-15.78334023,-47.91605229,4,2,6
Abuja to Dubai,Abuja,9.083333149,7.533328002,Dubai,25.22999615,55.27997432,3,,Ankara,39.92723859,32.86439164,4,2,6
Bangkok to Siem Reap,Bangkok,13.74999921,100.5166447,Siem Reap,13.36663759,103.8500329,3,,Yamoussoukro,6.81838096,-5.275502565,6,0,6
Bangkok to Vientiane,Bangkok,13.74999921,100.5166447,Vientiane,17.96669273,102.59998,3,,"Washington, D.C.",38.89954938,-77.00941858,2,4,6
Jakarta to Riyadh,Jakarta,-6.174417705,106.8294376,Riyadh,24.64083315,46.77274166,2,,Yaounde,3.866700662,11.51665076,4,2,6
Luqa to Tripoli,Luqa,35.8583,14.4869,Tripoli,32.89250002,13.18001176,2,,Lusaka,-15.41664427,28.28332759,5,1,6
Petropavlovsk Kamchatskiy to Vladivostok,Petropavlovsk Kamchatskiy,53.06199241,158.6230204,Vladivostok,43.13001467,131.9100256,2,,Istanbul,41.10499615,29.01000159,3,3,6
Brussels to Dubai,Brussels,50.83331708,4.333316608,Dubai,25.22999615,55.27997432,2,,Siem Reap,13.36663759,103.8500329,1,5,6
Islamabad to Manchester,Islamabad,33.69999595,73.16663448,Manchester,53.50041526,-2.247987103,2,,Bangalore,12.96999514,77.56000972,5,0,5
Mexico City to Paris,Mexico City,19.44244244,-99.1309882,Paris,48.86669293,2.333335326,2,,Los Angeles,-37.46000161,-72.35998661,1,4,5
Islamabad to Leeds,Islamabad,33.69999595,73.16663448,Leeds,53.83000755,-1.580017539,2,,Rabat,34.02529909,-6.83613082,3,2,5
Brussels to Tel Aviv,Brussels,50.83331708,4.333316608,Tel Aviv,32.07999147,34.77001176,2,,Milan,45.4699752,9.20500891,3,2,5
"Camaguey to Washington, D.C.",Camaguey,21.38082542,-77.91693425,"Washington, D.C.",38.89954938,-77.00941858,2,,Lahore,31.55997154,74.35002478,5,0,5
Ho Chi Minh City to Singapore,Ho Chi Minh City,10.78002545,106.6950272,Singapore,1.293033466,103.8558207,2,,Port Louis,-20.16663857,57.49999385,3,2,5
Nairobi to London,Nairobi,-1.283346742,36.81665686,London,51.49999473,-0.116721844,2,,Kampala,0.316658955,32.58332353,4,1,5
Jakarta to Paris,Jakarta,-6.174417705,106.8294376,Paris,48.86669293,2.333335326,2,,Cape Town,-33.92001097,18.43498816,3,2,5
Guangzhou to Singapore,Guangzhou,23.1449813,113.3250101,Singapore,1.293033466,103.8558207,2,,Lubumbashi,-11.6800248,27.48001745,3,2,5
Ankara to London,Ankara,39.92723859,32.86439164,London,51.49999473,-0.116721844,2,,Havana,23.13195884,-82.36418217,4,0,4
Manila to Tokyo,Manila,14.60415895,120.9822172,Tokyo,35.68501691,139.7514074,2,,Denpasar,-8.650028871,115.2199849,2,2,4
Niamey to Paris,Niamey,13.51670595,2.116656045,Paris,48.86669293,2.333335326,2,,Prague,50.08333701,14.46597978,1,3,4
Penang to Kuala Lumpur,Penang,5.2913,100.2684,Kuala Lumpur,3.166665872,101.6999833,2,,Rome,41.89595563,12.48325842,2,2,4
San Salvador to Houston,San Salvador,13.71000165,-89.20304122,Houston,29.81997438,-95.33997929,2,,Buenos Aires,-34.60250161,-58.39753137,4,0,4
Khartoum to Abu Dhabi,Khartoum,15.58807823,32.53417924,Abu Dhabi,24.46668357,54.36659338,2,,Vienna,48.20001528,16.36663896,1,3,4
New Delhi to Bangkok,New Delhi,28.60002301,77.19998002,Bangkok,13.74999921,100.5166447,2,,Kolkata,22.4949693,88.32467566,3,1,4
Accra to London,Accra,5.550034606,-0.21671574,London,51.49999473,-0.116721844,2,,Timika,-4.549607321,136.88998,4,0,4
Kolkata to Bangkok,Kolkata,22.4949693,88.32467566,Bangkok,13.74999921,100.5166447,2,,Frankfurt,50.09997683,8.67501542,1,3,4
Georgetown to Amsterdam,Georgetown,6.801973693,-58.16702865,Amsterdam,52.34996869,4.916640176,2,,San Luis Potosi,22.16997622,-100.9999956,3,1,4
San Jose to Panama City,San Jose,9.93501243,-84.08405135,Panama City,8.96801719,-79.53303715,2,,Guadalajara,20.67001609,-103.3300342,3,1,4
Bangkok to Guangzhou,Bangkok,13.74999921,100.5166447,Guangzhou,23.1449813,113.3250101,2,,Panama City,8.96801719,-79.53303715,2,2,4
Timika to Denpasar,Timika,-4.549607321,136.88998,Denpasar,-8.650028871,115.2199849,2,,Tel Aviv,32.07999147,34.77001176,0,4,4
Mumbai to Kuala Lumpur,Mumbai,19.01699038,72.8569893,Kuala Lumpur,3.166665872,101.6999833,2,,Munich,48.12994204,11.57499345,0,4,4
Nairobi to Khartoum,Nairobi,-1.283346742,36.81665686,Khartoum,15.58807823,32.53417924,2,,Phnom Penh,11.55003013,104.9166345,0,4,4
Colombo to Kuala Lumpur,Colombo,6.931965758,79.85775061,Kuala Lumpur,3.166665872,101.6999833,2,,Petropavlovsk Kamchatskiy,53.06199241,158.6230204,3,0,3
Dhaka to Singapore,Dhaka,23.72305971,90.40857947,Singapore,1.293033466,103.8558207,2,,Caracas,10.50099855,-66.91703719,3,0,3
Singapore to Surabaya,Singapore,1.293033466,103.8558207,Surabaya,-7.249235821,112.7508333,2,,Fortaleza,-3.750017884,-38.57998132,1,2,3
Thiruvananthapuram to Kuala Lumpur,Thiruvananthapuram,8.499983743,76.95002112,Kuala Lumpur,3.166665872,101.6999833,2,,Thiruvananthapuram,8.499983743,76.95002112,3,0,3
Bangalore to Kuala Lumpur,Bangalore,12.96999514,77.56000972,Kuala Lumpur,3.166665872,101.6999833,2,,Sydney,-33.92001097,151.1851798,2,1,3
Antananarivo to Guangzhou,Antananarivo,-18.91663735,47.5166239,Guangzhou,23.1449813,113.3250101,2,,Canberra,-35.28302855,149.1290262,2,1,3
Bangkok to Chennai,Bangkok,13.74999921,100.5166447,Chennai,13.08998781,80.27999874,2,,Bujumbura,-3.37608722,29.36000606,3,0,3
Antananarivo to Port Louis,Antananarivo,-18.91663735,47.5166239,Port Louis,-20.16663857,57.49999385,2,,Berlin,52.52181866,13.40154862,1,2,3
Singapore to Shanghai,Singapore,1.293033466,103.8558207,Shanghai,31.21645245,121.4365047,2,,Dodoma,-6.183306052,35.75000362,2,1,3
Beijing to Kuala Lumpur,Beijing,39.92889223,116.3882857,Kuala Lumpur,3.166665872,101.6999833,2,,St. Petersburg,59.93901451,30.31602006,1,2,3
Nairobi to Hanoi,Nairobi,-1.283346742,36.81665686,Hanoi,21.03332725,105.8500142,2,,Conakry,9.531522846,-13.68023503,3,0,3
Doha to Hong Kong,Doha,25.28655601,51.53296789,Hong Kong,22.3049809,114.1850093,2,,Manchester,53.50041526,-2.247987103,1,2,3
Kuala Lumpur to Bangkok,Kuala Lumpur,3.166665872,101.6999833,Bangkok,13.74999921,100.5166447,2,,Juba,4.829975198,31.58002559,2,1,3
Nairobi to Vientiane,Nairobi,-1.283346742,36.81665686,Vientiane,17.96669273,102.59998,2,,Zurich,47.37998781,8.55001013,1,2,3
Maputo to Bangkok,Maputo,-25.95527749,32.58916296,Bangkok,13.74999921,100.5166447,2,,Riyadh,24.64083315,46.77274166,0,3,3
Paris to Beijing,Paris,48.86669293,2.333335326,Beijing,39.92889223,116.3882857,2,,Vladivostok,43.13001467,131.9100256,0,3,3
Dubai to Beijing,Dubai,25.22999615,55.27997432,Beijing,39.92889223,116.3882857,2,,Dusseldorf,51.22037355,6.779988972,0,3,3
Doha to Hanoi,Doha,25.28655601,51.53296789,Hanoi,21.03332725,105.8500142,2,,Luqa,35.8583,14.4869,2,0,2
Doha to Beijing,Doha,25.28655601,51.53296789,Beijing,39.92889223,116.3882857,2,,Camaguey,21.38082542,-77.91693425,2,0,2
Bangkok to Ho Chi Minh City,Bangkok,13.74999921,100.5166447,Ho Chi Minh City,10.78002545,106.6950272,2,,Douala,4.060409769,9.709991006,2,0,2
Lagos to Kuala Lumpur,Lagos,6.443261653,3.391531071,Kuala Lumpur,3.166665872,101.6999833,2,,Beirut,33.87197512,35.50970821,2,0,2
Dubai to Singapore,Dubai,25.22999615,55.27997432,Singapore,1.293033466,103.8558207,2,,Bukavu,-2.509990215,28.8400378,1,1,2
Singapore to Vientiane,Singapore,1.293033466,103.8558207,Vientiane,17.96669273,102.59998,2,,Kathmandu,27.71669191,85.31664221,1,1,2
Doha to Guangzhou,Doha,25.28655601,51.53296789,Guangzhou,23.1449813,113.3250101,2,,Kuwait City,29.36971763,47.97830115,1,1,2
Maputo to Johannesburg,Maputo,-25.95527749,32.58916296,Johannesburg,-26.17004474,28.03000972,2,,Manaus,-3.100031719,-60.00001754,1,1,2
Seoul to Hanoi,Seoul,37.5663491,126.999731,Hanoi,21.03332725,105.8500142,2,,Santa Cruz de Tenerife,28.46997927,-16.25000065,2,0,2
Lusaka to Abu Dhabi,Lusaka,-15.41664427,28.28332759,Abu Dhabi,24.46668357,54.36659338,2,,Lisbon,38.72272288,-9.144866305,2,0,2
Abu Dhabi to Jakarta,Abu Dhabi,24.46668357,54.36659338,Jakarta,-6.174417705,106.8294376,2,,Manila,14.60415895,120.9822172,2,0,2
Addis Ababa to Nairobi,Addis Ababa,9.033310363,38.70000443,Nairobi,-1.283346742,36.81665686,2,,Boa Vista,2.816092955,-60.66599756,1,1,2
Johannesburg to Cape Town,Johannesburg,-26.17004474,28.03000972,Cape Town,-33.92001097,18.43498816,2,,Niamey,13.51670595,2.116656045,2,0,2
Luanda to Nairobi,Luanda,-8.838286114,13.23442704,Nairobi,-1.283346742,36.81665686,2,,Penang,5.2913,100.2684,2,0,2
Nairobi to Lubumbashi,Nairobi,-1.283346742,36.81665686,Lubumbashi,-11.6800248,27.48001745,2,,San Salvador,13.71000165,-89.20304122,2,0,2
Nairobi to Yaounde,Nairobi,-1.283346742,36.81665686,Yaounde,3.866700662,11.51665076,2,,Accra,5.550034606,-0.21671574,2,0,2
Nairobi to Maputo,Nairobi,-1.283346742,36.81665686,Maputo,-25.95527749,32.58916296,2,,San Jose,9.93501243,-84.08405135,2,0,2
Abuja to Cairo,Abuja,9.083333149,7.533328002,Cairo,30.04996035,31.24996822,2,,Kaohsiung,22.63330711,120.2666019,1,1,2
Harare to Beijing,Harare,-17.81778969,31.04470943,Beijing,39.92889223,116.3882857,2,,Damascus,33.500034,36.29999589,1,1,2
Luanda to Addis Ababa,Luanda,-8.838286114,13.23442704,Addis Ababa,9.033310363,38.70000443,2,,Lome,6.131937072,1.222757119,1,1,2
Abuja to Doha,Abuja,9.083333149,7.533328002,Doha,25.28655601,51.53296789,2,,Ottawa,45.4166968,-75.7000153,1,1,2
Bujumbura to Nairobi,Bujumbura,-3.37608722,29.36000606,Nairobi,-1.283346742,36.81665686,2,,Nassau,25.08339012,-77.35004378,1,1,2
Paris to Ho Chi Minh City,Paris,48.86669293,2.333335326,Ho Chi Minh City,10.78002545,106.6950272,2,,Sri Jayawardenepura Kotte,6.900003885,79.94999304,1,1,2
Entebbe to Singapore,Entebbe,0.060395527,32.46002356,Singapore,1.293033466,103.8558207,2,,Dar es Salaam,-6.800012595,39.26834184,2,0,2
Harare to Amsterdam,Harare,-17.81778969,31.04470943,Amsterdam,52.34996869,4.916640176,2,,Jayapura,-2.532986228,140.69998,1,1,2
Luanda to Kuala Lumpur,Luanda,-8.838286114,13.23442704,Kuala Lumpur,3.166665872,101.6999833,2,,Tunis,36.80277814,10.1796781,1,1,2
Cape Town to Hong Kong,Cape Town,-33.92001097,18.43498816,Hong Kong,22.3049809,114.1850093,2,,Windhoek,-22.57000608,17.0835461,2,0,2
Dubai to Bangkok,Dubai,25.22999615,55.27997432,Bangkok,13.74999921,100.5166447,2,,Brazzaville,-4.259185772,15.28468949,2,0,2
Johannesburg to Bangkok,Johannesburg,-26.17004474,28.03000972,Bangkok,13.74999921,100.5166447,2,,Nagoya,35.15499758,136.9149914,2,0,2
Bangkok to Phnom Penh,Bangkok,13.74999921,100.5166447,Phnom Penh,11.55003013,104.9166345,2,,Abidjan,5.319996967,-4.04004826,2,0,2
Amsterdam to Hong Kong,Amsterdam,52.34996869,4.916640176,Hong Kong,22.3049809,114.1850093,2,,Tehran,35.67194277,51.42434403,1,1,2
Kuala Lumpur to Hanoi,Kuala Lumpur,3.166665872,101.6999833,Hanoi,21.03332725,105.8500142,2,,Porto-Novo,6.483310973,2.616625528,1,1,2
Addis Ababa to Hong Kong,Addis Ababa,9.033310363,38.70000443,Hong Kong,22.3049809,114.1850093,2,,Kigali,-1.953590069,30.06053178,1,1,2
Istanbul to Kuala Lumpur,Istanbul,41.10499615,29.01000159,Kuala Lumpur,3.166665872,101.6999833,2,,Perth,-31.95501463,115.8399987,1,1,2
Nairobi to Lagos,Nairobi,-1.283346742,36.81665686,Lagos,6.443261653,3.391531071,2,,Tripoli,32.89250002,13.18001176,0,2,2
Lusaka to Beijing,Lusaka,-15.41664427,28.28332759,Beijing,39.92889223,116.3882857,2,,Leeds,53.83000755,-1.580017539,0,2,2
Dubai to Melbourne,Dubai,25.22999615,55.27997432,Melbourne,-37.82003131,144.9750162,1,,Belem,-1.450003236,-48.48002303,0,2,2
Hanoi to Los Angeles,Hanoi,21.03332725,105.8500142,Los Angeles,-37.46000161,-72.35998661,1,,Taoyuan City,24.98888889,121.3111111,0,2,2
Denpasar to Canberra,Denpasar,-8.650028871,115.2199849,Canberra,-35.28302855,149.1290262,1,,Houston,29.81997438,-95.33997929,0,2,2
Bangalore to Delhi,Bangalore,12.96999514,77.56000972,Delhi,28.6699929,77.23000403,1,,Surabaya,-7.249235821,112.7508333,0,2,2
Moscow to Doha,Moscow,55.75216412,37.61552283,Doha,25.28655601,51.53296789,1,,Jinan,36.67498232,116.9950187,0,2,2
Douala to Nassau,Douala,4.060409769,9.709991006,Nassau,25.08339012,-77.35004378,1,,Hangzhou,30.24997398,120.1700187,0,2,2
Douala to Addis Ababa,Douala,4.060409769,9.709991006,Addis Ababa,9.033310363,38.70000443,1,,Birmingham,52.47497398,-1.919996787,1,0,1
Beirut to Sofia,Beirut,33.87197512,35.50970821,Sofia,42.68334943,23.31665401,1,,Astana,51.1811253,71.42777421,1,0,1
Birmingham to Dubai,Birmingham,52.47497398,-1.919996787,Dubai,25.22999615,55.27997432,1,,Rio de Janeiro,-22.92502317,-43.22502079,1,0,1
Sao Paulo to Zurich,Sao Paulo,-23.55867959,-46.62501998,Zurich,47.37998781,8.55001013,1,,Kingston,-42.99113686,147.3084139,1,0,1
Bukavu to Singapore,Bukavu,-2.509990215,28.8400378,Singapore,1.293033466,103.8558207,1,,Amman,31.95002525,35.93329993,1,0,1
Karachi to Muscat,Karachi,24.86999229,66.99000891,Muscat,23.61332481,58.59331213,1,,Bishkek,42.87307945,74.58520422,1,0,1
Brasilia to Fortaleza,Brasilia,-15.78334023,-47.91605229,Fortaleza,-3.750017884,-38.57998132,1,,Bamako,12.65001467,-8.000039105,1,0,1
Moscow to Damascus,Moscow,55.75216412,37.61552283,Damascus,33.500034,36.29999589,1,,Anadyr,64.73699038,177.4749963,1,0,1
Petropavlovsk Kamchatskiy to Moscow,Petropavlovsk Kamchatskiy,53.06199241,158.6230204,Moscow,55.75216412,37.61552283,1,,Novosibirsk,55.02996014,82.96004187,1,0,1
Kathmandu to Doha,Kathmandu,27.71669191,85.31664221,Doha,25.28655601,51.53296789,1,,Darwin,-12.42535398,130.8500386,1,0,1
Astana to Dubai,Astana,51.1811253,71.42777421,Dubai,25.22999615,55.27997432,1,,Paramaribo,5.83503013,-55.16703089,1,0,1
Kuwait City to Dubai,Kuwait City,29.36971763,47.97830115,Dubai,25.22999615,55.27997432,1,,Kindu,-2.963915996,25.90998409,1,0,1
Rio de Janeiro to Belem,Rio de Janeiro,-22.92502317,-43.22502079,Belem,-1.450003236,-48.48002303,1,,Lima,-12.04801268,-77.05006209,1,0,1
Jakarta to Manama,Jakarta,-6.174417705,106.8294376,Manama,26.23613629,50.58305172,1,,Toluca,19.3303821,-99.66999923,1,0,1
Kingston to Vienna,Kingston,-42.99113686,147.3084139,Vienna,48.20001528,16.36663896,1,,Maiquetia,10.60039817,-66.9699797,1,0,1
Brasilia to Recife,Brasilia,-15.78334023,-47.91605229,Recife,-8.075645326,-34.91560551,1,,Shymkent,42.32001243,69.59501786,1,0,1
Amman to Dubai,Amman,31.95002525,35.93329993,Dubai,25.22999615,55.27997432,1,,Reynosa,26.07999595,-98.30003117,1,0,1
Caracas to Boa Vista,Caracas,10.50099855,-66.91703719,Boa Vista,2.816092955,-60.66599756,1,,Santiago,-33.45001382,-70.66704085,1,0,1
Manaus to Fortaleza,Manaus,-3.100031719,-60.00001754,Fortaleza,-3.750017884,-38.57998132,1,,Christchurch,-43.53503131,172.6300207,1,0,1
Los Angeles to Guangzhou,Los Angeles,-37.46000161,-72.35998661,Guangzhou,23.1449813,113.3250101,1,,Osaka,34.75003522,135.4601448,1,0,1
Bishkek to Dubai,Bishkek,42.87307945,74.58520422,Dubai,25.22999615,55.27997432,1,,Mahajanga,-15.67001382,46.34501583,1,0,1
Rabat to Brussels,Rabat,34.02529909,-6.83613082,Brussels,50.83331708,4.333316608,1,,Dakar,14.71583173,-17.47313013,1,0,1
Santa Cruz de Tenerife to Madrid,Santa Cruz de Tenerife,28.46997927,-16.25000065,Madrid,40.40002626,-3.683351686,1,,Orlando,28.50997683,-81.38003036,1,0,1
Brussels to Rabat,Brussels,50.83331708,4.333316608,Rabat,34.02529909,-6.83613082,1,,Villahermosa,17.99997235,-92.89997319,1,0,1
Fortaleza to Belem,Fortaleza,-3.750017884,-38.57998132,Belem,-1.450003236,-48.48002303,1,,Managua,12.15301658,-86.26849166,1,0,1
Hanoi to Taoyuan City,Hanoi,21.03332725,105.8500142,Taoyuan City,24.98888889,121.3111111,1,,Grande Comore,11.7167,43.3681,1,0,1
Taipei to Los Angeles,Taipei,25.03583333,121.5683333,Los Angeles,-37.46000161,-72.35998661,1,,Gran Canaria,-27.9332,15.3877,1,0,1
Guangzhou to Taoyuan City,Guangzhou,23.1449813,113.3250101,Taoyuan City,24.98888889,121.3111111,1,,Detroit,42.32996014,-83.08005579,1,0,1
Bamako to Dubai,Bamako,12.65001467,-8.000039105,Dubai,25.22999615,55.27997432,1,,Tiruchirappalli,10.80999778,78.68996659,1,0,1
Prague to Dubai,Prague,50.08333701,14.46597978,Dubai,25.22999615,55.27997432,1,,Davao,7.110016906,125.6299955,1,0,1
Rome to Dubai,Rome,41.89595563,12.48325842,Dubai,25.22999615,55.27997432,1,,Madurai,9.920026264,78.12002722,1,0,1
Anadyr to Moscow,Anadyr,64.73699038,177.4749963,Moscow,55.75216412,37.61552283,1,,Leticia,-4.220015036,-69.93997929,1,0,1
Caracas to Madrid,Caracas,10.50099855,-66.91703719,Madrid,40.40002626,-3.683351686,1,,Faisalabad,31.40998069,73.10999711,1,0,1
Karachi to Manama,Karachi,24.86999229,66.99000891,Manama,26.23613629,50.58305172,1,,Naypyidaw,19.76655703,96.11861853,1,0,1
Novosibirsk to Vladivostok,Novosibirsk,55.02996014,82.96004187,Vladivostok,43.13001467,131.9100256,1,,Faro,37.0170803,-7.933273154,1,0,1
Pretoria to Dhaka,Pretoria,-25.70692055,28.22942908,Dhaka,23.72305971,90.40857947,1,,Pemba,-12.98304604,40.53234737,1,0,1
Denpasar to Vienna,Denpasar,-8.650028871,115.2199849,Vienna,48.20001528,16.36663896,1,,Gaborone,-24.64631346,25.91194779,1,0,1
Buenos Aires to Milan,Buenos Aires,-34.60250161,-58.39753137,Milan,45.4699752,9.20500891,1,,Tete,-16.17003497,33.58000688,1,0,1
Amsterdam to Tel Aviv,Amsterdam,52.34996869,4.916640176,Tel Aviv,32.07999147,34.77001176,1,,Mombasa,-4.040026022,39.68991817,1,0,1
Darwin to Jakarta,Darwin,-12.42535398,130.8500386,Jakarta,-6.174417705,106.8294376,1,,Tobruk,32.07999147,23.96002559,1,0,1
Paramaribo to Amsterdam,Paramaribo,5.83503013,-55.16703089,Amsterdam,52.34996869,4.916640176,1,,Nampula,-15.13604124,39.29304317,1,0,1
Kindu to Bukavu,Kindu,-2.963915996,25.90998409,Bukavu,-2.509990215,28.8400378,1,,Blantyre,-15.79000649,34.98994665,1,0,1
Brasilia to Joao Pessoa,Brasilia,-15.78334023,-47.91605229,Joao Pessoa,-7.10113513,-34.87607117,1,,Melbourne,-37.82003131,144.9750162,0,1,1
Lima to Sao Paulo,Lima,-12.04801268,-77.05006209,Sao Paulo,-23.55867959,-46.62501998,1,,Delhi,28.6699929,77.23000403,0,1,1
Caracas to Paris,Caracas,10.50099855,-66.91703719,Paris,48.86669293,2.333335326,1,,Sofia,42.68334943,23.31665401,0,1,1
Karachi to Peshawar,Karachi,24.86999229,66.99000891,Peshawar,34.00501609,71.53500281,1,,Muscat,23.61332481,58.59331213,0,1,1
Dubai to Sydney,Dubai,25.22999615,55.27997432,Sydney,-33.92001097,151.1851798,1,,Recife,-8.075645326,-34.91560551,0,1,1
Lisbon to Sao Paulo,Lisbon,38.72272288,-9.144866305,Sao Paulo,-23.55867959,-46.62501998,1,,Joao Pessoa,-7.10113513,-34.87607117,0,1,1
Ho Chi Minh City to Ho Chi Minh City,Ho Chi Minh City,10.78002545,106.6950272,Ho Chi Minh City,10.78002545,106.6950272,1,,Peshawar,34.00501609,71.53500281,0,1,1
Moscow to Yerevan,Moscow,55.75216412,37.61552283,Yerevan,40.18115074,44.51355139,1,,Yerevan,40.18115074,44.51355139,0,1,1
Toluca to Hermosillo,Toluca,19.3303821,-99.66999923,Hermosillo,29.09888145,-110.954065,1,,Hermosillo,29.09888145,-110.954065,0,1,1
Karachi to Dubai,Karachi,24.86999229,66.99000891,Dubai,25.22999615,55.27997432,1,,Dallas,32.82002382,-96.84001693,0,1,1
Santa Cruz de Tenerife to Milan,Santa Cruz de Tenerife,28.46997927,-16.25000065,Milan,45.4699752,9.20500891,1,,Male,4.16670819,73.49994747,0,1,1
Brasilia to Miami,Brasilia,-15.78334023,-47.91605229,Miami,25.7876107,-80.22410608,1,,Toronto,43.69997988,-79.42002079,0,1,1
Maiquetia to Madrid,Maiquetia,10.60039817,-66.9699797,Madrid,40.40002626,-3.683351686,1,,Bratislava,48.15001833,17.11698075,0,1,1
Shymkent to Dubai,Shymkent,42.32001243,69.59501786,Dubai,25.22999615,55.27997432,1,,Valletta,35.89973248,14.51471065,0,1,1
Reynosa to Mexico City,Reynosa,26.07999595,-98.30003117,Mexico City,19.44244244,-99.1309882,1,,Phoenix,33.53997988,-112.0699917,0,1,1
Santiago to Sao Paulo,Santiago,-33.45001382,-70.66704085,Sao Paulo,-23.55867959,-46.62501998,1,,Florida,-34.09900201,-56.21499845,0,1,1
Rome to Sao Paulo,Rome,41.89595563,12.48325842,Sao Paulo,-23.55867959,-46.62501998,1,,Edmonton,53.55002464,-113.4999819,0,1,1
Dubai to Karachi,Dubai,25.22999615,55.27997432,Karachi,24.86999229,66.99000891,1,,Honolulu,21.30687644,-157.8579979,0,1,1
Hanoi to Dallas,Hanoi,21.03332725,105.8500142,Dallas,32.82002382,-96.84001693,1,,Merida,20.96663881,-89.61663355,0,1,1
Ho Chi Minh City to Taipei,Ho Chi Minh City,10.78002545,106.6950272,Taipei,25.03583333,121.5683333,1,,Kiev,50.43336733,30.51662797,0,1,1
Bangkok to Male,Bangkok,13.74999921,100.5166447,Male,4.16670819,73.49994747,1,,Barcelona,41.38329958,2.183370319,0,1,1
Georgetown to Toronto,Georgetown,6.801973693,-58.16702865,Toronto,43.69997988,-79.42002079,1,,Guanajuato,21.02040814,-101.2799785,0,1,1
Addis Ababa to Kuwait City,Addis Ababa,9.033310363,38.70000443,Kuwait City,29.36971763,47.97830115,1,,Mexicali,32.64998252,-115.4800161,0,1,1
Dhaka to Islamabad,Dhaka,23.72305971,90.40857947,Islamabad,33.69999595,73.16663448,1,,Phuket,7.876533426,98.3815295,0,1,1
Vienna to Bratislava,Vienna,48.20001528,16.36663896,Bratislava,48.15001833,17.11698075,1,,Caloocan,14.7566,121.045,0,1,1
Boa Vista to Sao Paulo,Boa Vista,2.816092955,-60.66599756,Sao Paulo,-23.55867959,-46.62501998,1,,Tijuana,32.50001752,-117.079996,0,1,1
Paris to Munich,Paris,48.86669293,2.333335326,Munich,48.12994204,11.57499345,1,,Bologna,44.50042198,11.34002071,0,1,1
Milan to Valletta,Milan,45.4699752,9.20500891,Valletta,35.89973248,14.51471065,1,,Lyon,45.77000856,4.830030475,0,1,1
London to Phoenix,London,51.49999473,-0.116721844,Phoenix,33.53997988,-112.0699917,1,,Nuevo Laredo,27.4999868,-99.55000655,0,1,1
Ho Chi Minh City to Hanoi,Ho Chi Minh City,10.78002545,106.6950272,Hanoi,21.03332725,105.8500142,1,,Shannon,52.7038489,-8.864146567,0,1,1
Madrid to Rome,Madrid,40.40002626,-3.683351686,Rome,41.89595563,12.48325842,1,,Urumqi,43.80501223,87.57500565,0,1,1
Sao Paulo to Dubai,Sao Paulo,-23.55867959,-46.62501998,Dubai,25.22999615,55.27997432,1,,Wenzhou,28.0199809,120.6500927,0,1,1
Addis Ababa to Manama,Addis Ababa,9.033310363,38.70000443,Manama,26.23613629,50.58305172,1,,Da Nang,16.06003908,108.2499711,0,1,1
Sao Paulo to Manaus,Sao Paulo,-23.55867959,-46.62501998,Manaus,-3.100031719,-60.00001754,1,,Dalian,38.92283839,121.6298308,0,1,1
Sydney to Bangkok,Sydney,-33.92001097,151.1851798,Bangkok,13.74999921,100.5166447,1,,Changsha,28.19996991,112.969993,0,1,1
Beijing to Kaohsiung,Beijing,39.92889223,116.3882857,Kaohsiung,22.63330711,120.2666019,1,,Qingdao,36.08997927,120.3300089,0,1,1
Paris to Miami,Paris,48.86669293,2.333335326,Miami,25.7876107,-80.22410608,1,,Xiamen,24.44999208,118.080017,0,1,1
Kaohsiung to Hong Kong,Kaohsiung,22.63330711,120.2666019,Hong Kong,22.3049809,114.1850093,1,,Hohhot,40.81997479,111.6599955,0,1,1
Paris to Florida,Paris,48.86669293,2.333335326,Florida,-34.09900201,-56.21499845,1,,Alexandria,31.20001935,29.94999589,0,1,1
Beijing to Taipei,Beijing,39.92889223,116.3882857,Taipei,25.03583333,121.5683333,1,,Chengdu,30.67000002,104.0700195,0,1,1
Canberra to Los Angeles,Canberra,-35.28302855,149.1290262,Los Angeles,-37.46000161,-72.35998661,1,,Cardiff,51.49999473,-3.22500757,0,1,1
Christchurch to Frankfurt,Christchurch,-43.53503131,172.6300207,Frankfurt,50.09997683,8.67501542,1,,Fuzhou,26.07999595,119.3000459,0,1,1
London to Edmonton,London,51.49999473,-0.116721844,Edmonton,53.55002464,-113.4999819,1,,Shenyang,41.80497927,123.4499735,0,1,1
Chennai to Dhaka,Chennai,13.08998781,80.27999874,Dhaka,23.72305971,90.40857947,1,,Mogadishu,2.066681334,45.36667761,0,1,1
Antananarivo to Kuala Lumpur,Antananarivo,-18.91663735,47.5166239,Kuala Lumpur,3.166665872,101.6999833,1,,Hannover,52.36697023,9.716657266,0,1,1
Osaka to Honolulu,Osaka,34.75003522,135.4601448,Honolulu,21.30687644,-157.8579979,1,,,,,,,
Jakarta to Abu Dhabi,Jakarta,-6.174417705,106.8294376,Abu Dhabi,24.46668357,54.36659338,1,,,,,,,
Tokyo to Los Angeles,Tokyo,35.68501691,139.7514074,Los Angeles,-37.46000161,-72.35998661,1,,,,,,,
Jakarta to Munich,Jakarta,-6.174417705,106.8294376,Munich,48.12994204,11.57499345,1,,,,,,,
Jakarta to Dubai,Jakarta,-6.174417705,106.8294376,Dubai,25.22999615,55.27997432,1,,,,,,,
Jakarta to Rome,Jakarta,-6.174417705,106.8294376,Rome,41.89595563,12.48325842,1,,,,,,,
Antananarivo to Beijing,Antananarivo,-18.91663735,47.5166239,Beijing,39.92889223,116.3882857,1,,,,,,,
Dhaka to Tokyo,Dhaka,23.72305971,90.40857947,Tokyo,35.68501691,139.7514074,1,,,,,,,
Tokyo to Bangkok,Tokyo,35.68501691,139.7514074,Bangkok,13.74999921,100.5166447,1,,,,,,,
Bangkok to Tehran,Bangkok,13.74999921,100.5166447,Tehran,35.67194277,51.42434403,1,,,,,,,
Miami to Brasilia,Miami,25.7876107,-80.22410608,Brasilia,-15.78334023,-47.91605229,1,,,,,,,
Sydney to Munich,Sydney,-33.92001097,151.1851798,Munich,48.12994204,11.57499345,1,,,,,,,
Mahajanga to Bangkok,Mahajanga,-15.67001382,46.34501583,Bangkok,13.74999921,100.5166447,1,,,,,,,
Bangkok to Jakarta,Bangkok,13.74999921,100.5166447,Jakarta,-6.174417705,106.8294376,1,,,,,,,
London to Tokyo,London,51.49999473,-0.116721844,Tokyo,35.68501691,139.7514074,1,,,,,,,
Madrid to Prague,Madrid,40.40002626,-3.683351686,Prague,50.08333701,14.46597978,1,,,,,,,
Entebbe to Brussels,Entebbe,0.060395527,32.46002356,Brussels,50.83331708,4.333316608,1,,,,,,,
Brussels to Berlin,Brussels,50.83331708,4.333316608,Berlin,52.52181866,13.40154862,1,,,,,,,
Canberra to Dubai,Canberra,-35.28302855,149.1290262,Dubai,25.22999615,55.27997432,1,,,,,,,
Damascus to Dubai,Damascus,33.500034,36.29999589,Dubai,25.22999615,55.27997432,1,,,,,,,
"Washington, D.C. to Dubai","Washington, D.C.",38.89954938,-77.00941858,Dubai,25.22999615,55.27997432,1,,,,,,,
Bujumbura to Brussels,Bujumbura,-3.37608722,29.36000606,Brussels,50.83331708,4.333316608,1,,,,,,,
Brussels to Prague,Brussels,50.83331708,4.333316608,Prague,50.08333701,14.46597978,1,,,,,,,
Bangalore to Bangkok,Bangalore,12.96999514,77.56000972,Bangkok,13.74999921,100.5166447,1,,,,,,,
Chennai to Colombo,Chennai,13.08998781,80.27999874,Colombo,6.931965758,79.85775061,1,,,,,,,
Cairo to Dubai,Cairo,30.04996035,31.24996822,Dubai,25.22999615,55.27997432,1,,,,,,,
Rabat to Abu Dhabi,Rabat,34.02529909,-6.83613082,Abu Dhabi,24.46668357,54.36659338,1,,,,,,,
Dakar to Dubai,Dakar,14.71583173,-17.47313013,Dubai,25.22999615,55.27997432,1,,,,,,,
Orlando to Brasilia,Orlando,28.50997683,-81.38003036,Brasilia,-15.78334023,-47.91605229,1,,,,,,,
Bangkok to Mumbai,Bangkok,13.74999921,100.5166447,Mumbai,19.01699038,72.8569893,1,,,,,,,
Bangkok to New Delhi,Bangkok,13.74999921,100.5166447,New Delhi,28.60002301,77.19998002,1,,,,,,,
New Delhi to Dubai,New Delhi,28.60002301,77.19998002,Dubai,25.22999615,55.27997432,1,,,,,,,
Chennai to Mumbai,Chennai,13.08998781,80.27999874,Mumbai,19.01699038,72.8569893,1,,,,,,,
Hong Kong to Beijing,Hong Kong,22.3049809,114.1850093,Beijing,39.92889223,116.3882857,1,,,,,,,
Timika to Jakarta,Timika,-4.549607321,136.88998,Jakarta,-6.174417705,106.8294376,1,,,,,,,
Islamabad to Bangkok,Islamabad,33.69999595,73.16663448,Bangkok,13.74999921,100.5166447,1,,,,,,,
Mumbai to Hong Kong,Mumbai,19.01699038,72.8569893,Hong Kong,22.3049809,114.1850093,1,,,,,,,
Kolkata to Chennai,Kolkata,22.4949693,88.32467566,Chennai,13.08998781,80.27999874,1,,,,,,,
Mexico City to Tokyo,Mexico City,19.44244244,-99.1309882,Tokyo,35.68501691,139.7514074,1,,,,,,,
Singapore to Kolkata,Singapore,1.293033466,103.8558207,Kolkata,22.4949693,88.32467566,1,,,,,,,
Lome to Brussels,Lome,6.131937072,1.222757119,Brussels,50.83331708,4.333316608,1,,,,,,,
Villahermosa to Merida,Villahermosa,17.99997235,-92.89997319,Merida,20.96663881,-89.61663355,1,,,,,,,
Managua to Amsterdam,Managua,12.15301658,-86.26849166,Amsterdam,52.34996869,4.916640176,1,,,,,,,
Hong Kong to Shanghai,Hong Kong,22.3049809,114.1850093,Shanghai,31.21645245,121.4365047,1,,,,,,,
Jakarta to London,Jakarta,-6.174417705,106.8294376,London,51.49999473,-0.116721844,1,,,,,,,
Georgetown to Ankara,Georgetown,6.801973693,-58.16702865,Ankara,39.92723859,32.86439164,1,,,,,,,
Ankara to Ottawa,Ankara,39.92723859,32.86439164,Ottawa,45.4166968,-75.7000153,1,,,,,,,
Ottawa to Amsterdam,Ottawa,45.4166968,-75.7000153,Amsterdam,52.34996869,4.916640176,1,,,,,,,
Amsterdam to Kiev,Amsterdam,52.34996869,4.916640176,Kiev,50.43336733,30.51662797,1,,,,,,,
Yaounde to Brussels,Yaounde,3.866700662,11.51665076,Brussels,50.83331708,4.333316608,1,,,,,,,
Brussels to Vienna,Brussels,50.83331708,4.333316608,Vienna,48.20001528,16.36663896,1,,,,,,,
New York to Tel Aviv,New York,40.74997906,-73.98001693,Tel Aviv,32.07999147,34.77001176,1,,,,,,,
Nassau to London,Nassau,25.08339012,-77.35004378,London,51.49999473,-0.116721844,1,,,,,,,
London to Dusseldorf,London,51.49999473,-0.116721844,Dusseldorf,51.22037355,6.779988972,1,,,,,,,
Antananarivo to Johannesburg,Antananarivo,-18.91663735,47.5166239,Johannesburg,-26.17004474,28.03000972,1,,,,,,,
Johannesburg to Abu Dhabi,Johannesburg,-26.17004474,28.03000972,Abu Dhabi,24.46668357,54.36659338,1,,,,,,,
Abu Dhabi to Moscow,Abu Dhabi,24.46668357,54.36659338,Moscow,55.75216412,37.61552283,1,,,,,,,
Antananarivo to Moscow,Antananarivo,-18.91663735,47.5166239,Moscow,55.75216412,37.61552283,1,,,,,,,
Thiruvananthapuram to Colombo,Thiruvananthapuram,8.499983743,76.95002112,Colombo,6.931965758,79.85775061,1,,,,,,,
Mexico City to Frankfurt,Mexico City,19.44244244,-99.1309882,Frankfurt,50.09997683,8.67501542,1,,,,,,,
Frankfurt to Barcelona,Frankfurt,50.09997683,8.67501542,Barcelona,41.38329958,2.183370319,1,,,,,,,
Grande Comore to Dodoma,Grande Comore,11.7167,43.3681,Dodoma,-6.183306052,35.75000362,1,,,,,,,
Berlin to St. Petersburg,Berlin,52.52181866,13.40154862,St. Petersburg,59.93901451,30.31602006,1,,,,,,,
Gran Canaria to Madrid,Gran Canaria,-27.9332,15.3877,Madrid,40.40002626,-3.683351686,1,,,,,,,
Mexico City to San Luis Potosi,Mexico City,19.44244244,-99.1309882,San Luis Potosi,22.16997622,-100.9999956,1,,,,,,,
San Luis Potosi to Guanajuato,San Luis Potosi,22.16997622,-100.9999956,Guanajuato,21.02040814,-101.2799785,1,,,,,,,
San Luis Potosi to Guadalajara,San Luis Potosi,22.16997622,-100.9999956,Guadalajara,20.67001609,-103.3300342,1,,,,,,,
San Luis Potosi to Mexicali,San Luis Potosi,22.16997622,-100.9999956,Mexicali,32.64998252,-115.4800161,1,,,,,,,
Guadalajara to Beijing,Guadalajara,20.67001609,-103.3300342,Beijing,39.92889223,116.3882857,1,,,,,,,
Beirut to Frankfurt,Beirut,33.87197512,35.50970821,Frankfurt,50.09997683,8.67501542,1,,,,,,,
Beijing to Munich,Beijing,39.92889223,116.3882857,Munich,48.12994204,11.57499345,1,,,,,,,
Guadalajara to Hong Kong,Guadalajara,20.67001609,-103.3300342,Hong Kong,22.3049809,114.1850093,1,,,,,,,
Panama City to Dusseldorf,Panama City,8.96801719,-79.53303715,Dusseldorf,51.22037355,6.779988972,1,,,,,,,
Lahore to Karachi,Lahore,31.55997154,74.35002478,Karachi,24.86999229,66.99000891,1,,,,,,,
Karachi to Bangkok,Karachi,24.86999229,66.99000891,Bangkok,13.74999921,100.5166447,1,,,,,,,
Detroit to Beijing,Detroit,42.32996014,-83.08005579,Beijing,39.92889223,116.3882857,1,,,,,,,
Panama City to Berlin,Panama City,8.96801719,-79.53303715,Berlin,52.52181866,13.40154862,1,,,,,,,
Antananarivo to Paris,Antananarivo,-18.91663735,47.5166239,Paris,48.86669293,2.333335326,1,,,,,,,
Paris to Vientiane,Paris,48.86669293,2.333335326,Vientiane,17.96669273,102.59998,1,,,,,,,
Jakarta to Singapore,Jakarta,-6.174417705,106.8294376,Singapore,1.293033466,103.8558207,1,,,,,,,
Bangkok to Tokyo,Bangkok,13.74999921,100.5166447,Tokyo,35.68501691,139.7514074,1,,,,,,,
Tiruchirappalli to Kuala Lumpur,Tiruchirappalli,10.80999778,78.68996659,Kuala Lumpur,3.166665872,101.6999833,1,,,,,,,
Dodoma to London,Dodoma,-6.183306052,35.75000362,London,51.49999473,-0.116721844,1,,,,,,,
Port Louis to St. Petersburg,Port Louis,-20.16663857,57.49999385,St. Petersburg,59.93901451,30.31602006,1,,,,,,,
St. Petersburg to Dusseldorf,St. Petersburg,59.93901451,30.31602006,Dusseldorf,51.22037355,6.779988972,1,,,,,,,
Jakarta to Doha,Jakarta,-6.174417705,106.8294376,Doha,25.28655601,51.53296789,1,,,,,,,
Doha to Moscow,Doha,25.28655601,51.53296789,Moscow,55.75216412,37.61552283,1,,,,,,,
Antananarivo to Taipei,Antananarivo,-18.91663735,47.5166239,Taipei,25.03583333,121.5683333,1,,,,,,,
Khartoum to Beijing,Khartoum,15.58807823,32.53417924,Beijing,39.92889223,116.3882857,1,,,,,,,
Kuala Lumpur to Phuket,Kuala Lumpur,3.166665872,101.6999833,Phuket,7.876533426,98.3815295,1,,,,,,,
Davao to Caloocan,Davao,7.110016906,125.6299955,Caloocan,14.7566,121.045,1,,,,,,,
Dhaka to Hanoi,Dhaka,23.72305971,90.40857947,Hanoi,21.03332725,105.8500142,1,,,,,,,
Bangalore to New Delhi,Bangalore,12.96999514,77.56000972,New Delhi,28.60002301,77.19998002,1,,,,,,,
New Delhi to Kuala Lumpur,New Delhi,28.60002301,77.19998002,Kuala Lumpur,3.166665872,101.6999833,1,,,,,,,
Port Louis to Kuala Lumpur,Port Louis,-20.16663857,57.49999385,Kuala Lumpur,3.166665872,101.6999833,1,,,,,,,
Madurai to Sri Jayawardenepura Kotte,Madurai,9.920026264,78.12002722,Sri Jayawardenepura Kotte,6.900003885,79.94999304,1,,,,,,,
Sri Jayawardenepura Kotte to Kuala Lumpur,Sri Jayawardenepura Kotte,6.900003885,79.94999304,Kuala Lumpur,3.166665872,101.6999833,1,,,,,,,
New Delhi to Hong Kong,New Delhi,28.60002301,77.19998002,Hong Kong,22.3049809,114.1850093,1,,,,,,,
Guadalajara to Tijuana,Guadalajara,20.67001609,-103.3300342,Tijuana,32.50001752,-117.079996,1,,,,,,,
Dar es Salaam to Dubai,Dar es Salaam,-6.800012595,39.26834184,Dubai,25.22999615,55.27997432,1,,,,,,,
Jakarta to Shanghai,Jakarta,-6.174417705,106.8294376,Shanghai,31.21645245,121.4365047,1,,,,,,,
Guangzhou to Bangkok,Guangzhou,23.1449813,113.3250101,Bangkok,13.74999921,100.5166447,1,,,,,,,
Hanoi to Beijing,Hanoi,21.03332725,105.8500142,Beijing,39.92889223,116.3882857,1,,,,,,,
Lahore to Colombo,Lahore,31.55997154,74.35002478,Colombo,6.931965758,79.85775061,1,,,,,,,
Timika to Jayapura,Timika,-4.549607321,136.88998,Jayapura,-2.532986228,140.69998,1,,,,,,,
Jayapura to Jakarta,Jayapura,-2.532986228,140.69998,Jakarta,-6.174417705,106.8294376,1,,,,,,,
Conakry to Rabat,Conakry,9.531522846,-13.68023503,Rabat,34.02529909,-6.83613082,1,,,,,,,
Rabat to Bologna,Rabat,34.02529909,-6.83613082,Bologna,44.50042198,11.34002071,1,,,,,,,
"Leticia to Washington, D.C.",Leticia,-4.220015036,-69.93997929,"Washington, D.C.",38.89954938,-77.00941858,1,,,,,,,
Antananarivo to Ankara,Antananarivo,-18.91663735,47.5166239,Ankara,39.92723859,32.86439164,1,,,,,,,
Ankara to Moscow,Ankara,39.92723859,32.86439164,Moscow,55.75216412,37.61552283,1,,,,,,,
Jakarta to Kuala Lumpur,Jakarta,-6.174417705,106.8294376,Kuala Lumpur,3.166665872,101.6999833,1,,,,,,,
Faisalabad to Doha,Faisalabad,31.40998069,73.10999711,Doha,25.28655601,51.53296789,1,,,,,,,
Yamoussoukro to Tunis,Yamoussoukro,6.81838096,-5.275502565,Tunis,36.80277814,10.1796781,1,,,,,,,
Tunis to Lyon,Tunis,36.80277814,10.1796781,Lyon,45.77000856,4.830030475,1,,,,,,,
Antananarivo to Mumbai,Antananarivo,-18.91663735,47.5166239,Mumbai,19.01699038,72.8569893,1,,,,,,,
Mumbai to Kathmandu,Mumbai,19.01699038,72.8569893,Kathmandu,27.71669191,85.31664221,1,,,,,,,
Mexico City to Nuevo Laredo,Mexico City,19.44244244,-99.1309882,Nuevo Laredo,27.4999868,-99.55000655,1,,,,,,,
Port Louis to Singapore,Port Louis,-20.16663857,57.49999385,Singapore,1.293033466,103.8558207,1,,,,,,,
Antananarivo to Singapore,Antananarivo,-18.91663735,47.5166239,Singapore,1.293033466,103.8558207,1,,,,,,,
Pretoria to Prague,Pretoria,-25.70692055,28.22942908,Prague,50.08333701,14.46597978,1,,,,,,,
Manchester to Amsterdam,Manchester,53.50041526,-2.247987103,Amsterdam,52.34996869,4.916640176,1,,,,,,,
Amsterdam to Beijing,Amsterdam,52.34996869,4.916640176,Beijing,39.92889223,116.3882857,1,,,,,,,
Bangkok to Nairobi,Bangkok,13.74999921,100.5166447,Nairobi,-1.283346742,36.81665686,1,,,,,,,
Naypyidaw to Taipei,Naypyidaw,19.76655703,96.11861853,Taipei,25.03583333,121.5683333,1,,,,,,,
Faro to Shannon,Faro,37.0170803,-7.933273154,Shannon,52.7038489,-8.864146567,1,,,,,,,
Abuja to Beijing,Abuja,9.083333149,7.533328002,Beijing,39.92889223,116.3882857,1,,,,,,,
Brussels to Urumqi,Brussels,50.83331708,4.333316608,Urumqi,43.80501223,87.57500565,1,,,,,,,
Maputo to Phnom Penh,Maputo,-25.95527749,32.58916296,Phnom Penh,11.55003013,104.9166345,1,,,,,,,
Cairo to Beijing,Cairo,30.04996035,31.24996822,Beijing,39.92889223,116.3882857,1,,,,,,,
Maputo to Hanoi,Maputo,-25.95527749,32.58916296,Hanoi,21.03332725,105.8500142,1,,,,,,,
Maputo to Kampala,Maputo,-25.95527749,32.58916296,Kampala,0.316658955,32.58332353,1,,,,,,,
Kampala to Dubai,Kampala,0.316658955,32.58332353,Dubai,25.22999615,55.27997432,1,,,,,,,
Vientiane to Hanoi,Vientiane,17.96669273,102.59998,Hanoi,21.03332725,105.8500142,1,,,,,,,
Pretoria to Shanghai,Pretoria,-25.70692055,28.22942908,Shanghai,31.21645245,121.4365047,1,,,,,,,
Windhoek to Johannesburg,Windhoek,-22.57000608,17.0835461,Johannesburg,-26.17004474,28.03000972,1,,,,,,,
Johannesburg to Doha,Johannesburg,-26.17004474,28.03000972,Doha,25.28655601,51.53296789,1,,,,,,,
Cape Town to Beijing,Cape Town,-33.92001097,18.43498816,Beijing,39.92889223,116.3882857,1,,,,,,,
Milan to Beijing,Milan,45.4699752,9.20500891,Beijing,39.92889223,116.3882857,1,,,,,,,
Milan to Shanghai,Milan,45.4699752,9.20500891,Shanghai,31.21645245,121.4365047,1,,,,,,,
Entebbe to Addis Ababa,Entebbe,0.060395527,32.46002356,Addis Ababa,9.033310363,38.70000443,1,,,,,,,
Pemba to Johannesburg,Pemba,-12.98304604,40.53234737,Johannesburg,-26.17004474,28.03000972,1,,,,,,,
Entebbe to Hanoi,Entebbe,0.060395527,32.46002356,Hanoi,21.03332725,105.8500142,1,,,,,,,
Entebbe to Bangkok,Entebbe,0.060395527,32.46002356,Bangkok,13.74999921,100.5166447,1,,,,,,,
Conakry to Brussels,Conakry,9.531522846,-13.68023503,Brussels,50.83331708,4.333316608,1,,,,,,,
"Washington, D.C. to Hong Kong","Washington, D.C.",38.89954938,-77.00941858,Hong Kong,22.3049809,114.1850093,1,,,,,,,
Kampala to Doha,Kampala,0.316658955,32.58332353,Doha,25.28655601,51.53296789,1,,,,,,,
Lisbon to Wenzhou,Lisbon,38.72272288,-9.144866305,Wenzhou,28.0199809,120.6500927,1,,,,,,,
Kampala to Nairobi,Kampala,0.316658955,32.58332353,Nairobi,-1.283346742,36.81665686,1,,,,,,,
Lilongwe to Nairobi,Lilongwe,-13.98329507,33.78330196,Nairobi,-1.283346742,36.81665686,1,,,,,,,
Brazzaville to Beijing,Brazzaville,-4.259185772,15.28468949,Beijing,39.92889223,116.3882857,1,,,,,,,
Dodoma to Nairobi,Dodoma,-6.183306052,35.75000362,Nairobi,-1.283346742,36.81665686,1,,,,,,,
Lusaka to Amsterdam,Lusaka,-15.41664427,28.28332759,Amsterdam,52.34996869,4.916640176,1,,,,,,,
Abuja to Bangkok,Abuja,9.083333149,7.533328002,Bangkok,13.74999921,100.5166447,1,,,,,,,
Kinshasa to Entebbe,Kinshasa,-4.329724102,15.31497188,Entebbe,0.060395527,32.46002356,1,,,,,,,
Cairo to Paris,Cairo,30.04996035,31.24996822,Paris,48.86669293,2.333335326,1,,,,,,,
Luanda to Hanoi,Luanda,-8.838286114,13.23442704,Hanoi,21.03332725,105.8500142,1,,,,,,,
Lilongwe to Pretoria,Lilongwe,-13.98329507,33.78330196,Pretoria,-25.70692055,28.22942908,1,,,,,,,
Nairobi to Kinshasa,Nairobi,-1.283346742,36.81665686,Kinshasa,-4.329724102,15.31497188,1,,,,,,,
Entebbe to Lome,Entebbe,0.060395527,32.46002356,Lome,6.131937072,1.222757119,1,,,,,,,
Singapore to Da Nang,Singapore,1.293033466,103.8558207,Da Nang,16.06003908,108.2499711,1,,,,,,,
Lilongwe to Islamabad,Lilongwe,-13.98329507,33.78330196,Islamabad,33.69999595,73.16663448,1,,,,,,,
Nairobi to Luanda,Nairobi,-1.283346742,36.81665686,Luanda,-8.838286114,13.23442704,1,,,,,,,
Juba to Cairo,Juba,4.829975198,31.58002559,Cairo,30.04996035,31.24996822,1,,,,,,,
Pretoria to Dubai,Pretoria,-25.70692055,28.22942908,Dubai,25.22999615,55.27997432,1,,,,,,,
Nairobi to Porto-Novo,Nairobi,-1.283346742,36.81665686,Porto-Novo,6.483310973,2.616625528,1,,,,,,,
Nagoya to Dalian,Nagoya,35.15499758,136.9149914,Dalian,38.92283839,121.6298308,1,,,,,,,
Kampala to Cairo,Kampala,0.316658955,32.58332353,Cairo,30.04996035,31.24996822,1,,,,,,,
Nairobi to Juba,Nairobi,-1.283346742,36.81665686,Juba,4.829975198,31.58002559,1,,,,,,,
Nairobi to Amsterdam,Nairobi,-1.283346742,36.81665686,Amsterdam,52.34996869,4.916640176,1,,,,,,,
Nairobi to Jinan,Nairobi,-1.283346742,36.81665686,Jinan,36.67498232,116.9950187,1,,,,,,,
Addis Ababa to Hangzhou,Addis Ababa,9.033310363,38.70000443,Hangzhou,30.24997398,120.1700187,1,,,,,,,
Pretoria to Changsha,Pretoria,-25.70692055,28.22942908,Changsha,28.19996991,112.969993,1,,,,,,,
Entebbe to Beijing,Entebbe,0.060395527,32.46002356,Beijing,39.92889223,116.3882857,1,,,,,,,
Gaborone to Hong Kong,Gaborone,-24.64631346,25.91194779,Hong Kong,22.3049809,114.1850093,1,,,,,,,
Nairobi to Seoul,Nairobi,-1.283346742,36.81665686,Seoul,37.5663491,126.999731,1,,,,,,,
Yamoussoukro to Abu Dhabi,Yamoussoukro,6.81838096,-5.275502565,Abu Dhabi,24.46668357,54.36659338,1,,,,,,,
Tete to Johannesburg,Tete,-16.17003497,33.58000688,Johannesburg,-26.17004474,28.03000972,1,,,,,,,
Entebbe to Lagos,Entebbe,0.060395527,32.46002356,Lagos,6.443261653,3.391531071,1,,,,,,,
Miami to Addis Ababa,Miami,25.7876107,-80.22410608,Addis Ababa,9.033310363,38.70000443,1,,,,,,,
Lilongwe to Singapore,Lilongwe,-13.98329507,33.78330196,Singapore,1.293033466,103.8558207,1,,,,,,,
Luanda to Dubai,Luanda,-8.838286114,13.23442704,Dubai,25.22999615,55.27997432,1,,,,,,,
Lubumbashi to Nairobi,Lubumbashi,-11.6800248,27.48001745,Nairobi,-1.283346742,36.81665686,1,,,,,,,
Luanda to Seoul,Luanda,-8.838286114,13.23442704,Seoul,37.5663491,126.999731,1,,,,,,,
Conakry to Beijing,Conakry,9.531522846,-13.68023503,Beijing,39.92889223,116.3882857,1,,,,,,,
Kinshasa to Kigali,Kinshasa,-4.329724102,15.31497188,Kigali,-1.953590069,30.06053178,1,,,,,,,
Nagoya to Qingdao,Nagoya,35.15499758,136.9149914,Qingdao,36.08997927,120.3300089,1,,,,,,,
Addis Ababa to Shanghai,Addis Ababa,9.033310363,38.70000443,Shanghai,31.21645245,121.4365047,1,,,,,,,
Abidjan to Addis Ababa,Abidjan,5.319996967,-4.04004826,Addis Ababa,9.033310363,38.70000443,1,,,,,,,
Addis Ababa to Riyadh,Addis Ababa,9.033310363,38.70000443,Riyadh,24.64083315,46.77274166,1,,,,,,,
Mombasa to Dubai,Mombasa,-4.040026022,39.68991817,Dubai,25.22999615,55.27997432,1,,,,,,,
Entebbe to Amsterdam,Entebbe,0.060395527,32.46002356,Amsterdam,52.34996869,4.916640176,1,,,,,,,
Abuja to Hong Kong,Abuja,9.083333149,7.533328002,Hong Kong,22.3049809,114.1850093,1,,,,,,,
Dubai to Ho Chi Minh City,Dubai,25.22999615,55.27997432,Ho Chi Minh City,10.78002545,106.6950272,1,,,,,,,
Hong Kong to Xiamen,Hong Kong,22.3049809,114.1850093,Xiamen,24.44999208,118.080017,1,,,,,,,
Doha to Hangzhou,Doha,25.28655601,51.53296789,Hangzhou,30.24997398,120.1700187,1,,,,,,,
Lilongwe to Johannesburg,Lilongwe,-13.98329507,33.78330196,Johannesburg,-26.17004474,28.03000972,1,,,,,,,
Brussels to Hohhot,Brussels,50.83331708,4.333316608,Hohhot,40.81997479,111.6599955,1,,,,,,,
Tobruk to Alexandria,Tobruk,32.07999147,23.96002559,Alexandria,31.20001935,29.94999589,1,,,,,,,
Entebbe to London,Entebbe,0.060395527,32.46002356,London,51.49999473,-0.116721844,1,,,,,,,
Maputo to Addis Ababa,Maputo,-25.95527749,32.58916296,Addis Ababa,9.033310363,38.70000443,1,,,,,,,
Tokyo to Taipei,Tokyo,35.68501691,139.7514074,Taipei,25.03583333,121.5683333,1,,,,,,,
Harare to Johannesburg,Harare,-17.81778969,31.04470943,Johannesburg,-26.17004474,28.03000972,1,,,,,,,
Brazzaville to Addis Ababa,Brazzaville,-4.259185772,15.28468949,Addis Ababa,9.033310363,38.70000443,1,,,,,,,
Juba to Bangkok,Juba,4.829975198,31.58002559,Bangkok,13.74999921,100.5166447,1,,,,,,,
Dar es Salaam to Zurich,Dar es Salaam,-6.800012595,39.26834184,Zurich,47.37998781,8.55001013,1,,,,,,,
Hong Kong to Taipei,Hong Kong,22.3049809,114.1850093,Taipei,25.03583333,121.5683333,1,,,,,,,
Luanda to Siem Reap,Luanda,-8.838286114,13.23442704,Siem Reap,13.36663759,103.8500329,1,,,,,,,
Luanda to London,Luanda,-8.838286114,13.23442704,London,51.49999473,-0.116721844,1,,,,,,,
Harare to Singapore,Harare,-17.81778969,31.04470943,Singapore,1.293033466,103.8558207,1,,,,,,,
Kinshasa to Addis Ababa,Kinshasa,-4.329724102,15.31497188,Addis Ababa,9.033310363,38.70000443,1,,,,,,,
Kuala Lumpur to Hong Kong,Kuala Lumpur,3.166665872,101.6999833,Hong Kong,22.3049809,114.1850093,1,,,,,,,
Addis Ababa to Paris,Addis Ababa,9.033310363,38.70000443,Paris,48.86669293,2.333335326,1,,,,,,,
Windhoek to Pretoria,Windhoek,-22.57000608,17.0835461,Pretoria,-25.70692055,28.22942908,1,,,,,,,
Nampula to Nairobi,Nampula,-15.13604124,39.29304317,Nairobi,-1.283346742,36.81665686,1,,,,,,,
Blantyre to Beijing,Blantyre,-15.79000649,34.98994665,Beijing,39.92889223,116.3882857,1,,,,,,,
Abidjan to Dubai,Abidjan,5.319996967,-4.04004826,Dubai,25.22999615,55.27997432,1,,,,,,,
Lagos to Nairobi,Lagos,6.443261653,3.391531071,Nairobi,-1.283346742,36.81665686,1,,,,,,,
Yaounde to Nairobi,Yaounde,3.866700662,11.51665076,Nairobi,-1.283346742,36.81665686,1,,,,,,,
Tehran to Hanoi,Tehran,35.67194277,51.42434403,Hanoi,21.03332725,105.8500142,1,,,,,,,
Luanda to Paris,Luanda,-8.838286114,13.23442704,Paris,48.86669293,2.333335326,1,,,,,,,
Kinshasa to Istanbul,Kinshasa,-4.329724102,15.31497188,Istanbul,41.10499615,29.01000159,1,,,,,,,
Lagos to Addis Ababa,Lagos,6.443261653,3.391531071,Addis Ababa,9.033310363,38.70000443,1,,,,,,,
Entebbe to Istanbul,Entebbe,0.060395527,32.46002356,Istanbul,41.10499615,29.01000159,1,,,,,,,
Brussels to Beijing,Brussels,50.83331708,4.333316608,Beijing,39.92889223,116.3882857,1,,,,,,,
Hong Kong to Chengdu,Hong Kong,22.3049809,114.1850093,Chengdu,30.67000002,104.0700195,1,,,,,,,
Lubumbashi to Beijing,Lubumbashi,-11.6800248,27.48001745,Beijing,39.92889223,116.3882857,1,,,,,,,
Amsterdam to Cardiff,Amsterdam,52.34996869,4.916640176,Cardiff,51.49999473,-3.22500757,1,,,,,,,
Kinshasa to Bangkok,Kinshasa,-4.329724102,15.31497188,Bangkok,13.74999921,100.5166447,1,,,,,,,
Yaounde to Hong Kong,Yaounde,3.866700662,11.51665076,Hong Kong,22.3049809,114.1850093,1,,,,,,,
Lubumbashi to Guangzhou,Lubumbashi,-11.6800248,27.48001745,Guangzhou,23.1449813,113.3250101,1,,,,,,,
Yaounde to Guangzhou,Yaounde,3.866700662,11.51665076,Guangzhou,23.1449813,113.3250101,1,,,,,,,
Maputo to Guangzhou,Maputo,-25.95527749,32.58916296,Guangzhou,23.1449813,113.3250101,1,,,,,,,
Dubai to Shanghai,Dubai,25.22999615,55.27997432,Shanghai,31.21645245,121.4365047,1,,,,,,,
Porto-Novo to Guangzhou,Porto-Novo,6.483310973,2.616625528,Guangzhou,23.1449813,113.3250101,1,,,,,,,
Pretoria to Nairobi,Pretoria,-25.70692055,28.22942908,Nairobi,-1.283346742,36.81665686,1,,,,,,,
"Amsterdam to Washington, D.C.",Amsterdam,52.34996869,4.916640176,"Washington, D.C.",38.89954938,-77.00941858,1,,,,,,,
Hong Kong to Fuzhou,Hong Kong,22.3049809,114.1850093,Fuzhou,26.07999595,119.3000459,1,,,,,,,
Seoul to Shenyang,Seoul,37.5663491,126.999731,Shenyang,41.80497927,123.4499735,1,,,,,,,
Abu Dhabi to Beijing,Abu Dhabi,24.46668357,54.36659338,Beijing,39.92889223,116.3882857,1,,,,,,,
Addis Ababa to Lusaka,Addis Ababa,9.033310363,38.70000443,Lusaka,-15.41664427,28.28332759,1,,,,,,,
Seoul to Siem Reap,Seoul,37.5663491,126.999731,Siem Reap,13.36663759,103.8500329,1,,,,,,,
Hong Kong to Jinan,Hong Kong,22.3049809,114.1850093,Jinan,36.67498232,116.9950187,1,,,,,,,
Addis Ababa to Abuja,Addis Ababa,9.033310363,38.70000443,Abuja,9.083333149,7.533328002,1,,,,,,,
Kigali to Beijing,Kigali,-1.953590069,30.06053178,Beijing,39.92889223,116.3882857,1,,,,,,,
Nairobi to Mogadishu,Nairobi,-1.283346742,36.81665686,Mogadishu,2.066681334,45.36667761,1,,,,,,,
Johannesburg to Perth,Johannesburg,-26.17004474,28.03000972,Perth,-31.95501463,115.8399987,1,,,,,,,
Dubai to Hanoi,Dubai,25.22999615,55.27997432,Hanoi,21.03332725,105.8500142,1,,,,,,,
London to Istanbul,London,51.49999473,-0.116721844,Istanbul,41.10499615,29.01000159,1,,,,,,,
Zurich to Beijing,Zurich,47.37998781,8.55001013,Beijing,39.92889223,116.3882857,1,,,,,,,
London to Hannover,London,51.49999473,-0.116721844,Hannover,52.36697023,9.716657266,1,,,,,,,
Bangkok to Beijing,Bangkok,13.74999921,100.5166447,Beijing,39.92889223,116.3882857,1,,,,,,,
Siem Reap to Hanoi,Siem Reap,13.36663759,103.8500329,Hanoi,21.03332725,105.8500142,1,,,,,,,
Hong Kong to Seoul,Hong Kong,22.3049809,114.1850093,Seoul,37.5663491,126.999731,1,,,,,,,
Perth to Kuala Lumpur,Perth,-31.95501463,115.8399987,Kuala Lumpur,3.166665872,101.6999833,1,,,,,,,
Istanbul to Singapore,Istanbul,41.10499615,29.01000159,Singapore,1.293033466,103.8558207,1,,,,,,,
Hong Kong to Kuala Lumpur,Hong Kong,22.3049809,114.1850093,Kuala Lumpur,3.166665872,101.6999833,1,,,,,,,
Seoul to Phnom Penh,Seoul,37.5663491,126.999731,Phnom Penh,11.55003013,104.9166345,1,,,,,,,
